"true_mu_a_rew","infer_mu_a_rew","true_mu_a_pun","infer_mu_a_pun","true_mu_K","infer_mu_K","true_mu_theta","infer_mu_theta","true_mu_omega_f","infer_mu_omega_f","true_mu_omega_p","infer_mu_omega_p","true_sigma_a_rew","infer_sigma_a_rew","true_sigma_a_pun","infer_sigma_a_pun","true_sigma_K","infer_sigma_K","true_sigma_theta","infer_sigma_theta","true_sigma_omega_f","infer_sigma_omega_f","true_sigma_omega_p","infer_sigma_omega_p"
0.403463873360306,0.372844823346948,0.343002399709076,0.474990438576104,0.72934962506406,0.297188650311575,1.4284493306186,1.21901432296688,0.274516215082258,0.339795189133424,-0.350617732387036,-0.832656803964668,0.0718339592218399,0.543331676919427,0.0729144299868494,0.462538216874665,0.174788343301043,0.691116024282771,0.151758668432012,0.418470005732346,0.426226409338415,0.598936273790496,0.386915882769972,0.45520362904266
0.235740304086357,0.0205262270280465,0.155377258919179,0.0113188993700184,1.11296703561675,0.460352211402339,1.53038421820384,1.3374281938063,0.956503707915545,1.0898785092206,-0.496637407690287,-0.536836680013108,0.0951184061355889,0.314358553868006,0.124796710093506,0.274286214654591,0.250065409904346,0.637012674302636,0.134222493926063,0.398252354821387,0.433988076634705,0.466469293895828,0.113401747774333,0.408186984864723
0.306060565449297,0.299678332036263,0.229950223956257,0.445006161057486,1.38366019935347,0.218515683793116,0.594347152626142,0.0924603352585233,-0.792748612817377,-0.658959117960575,-0.410832533147186,-1.33746073975343,0.0787101286230609,0.595215427430556,0.140825832053088,1.47453249446389,0.12899153935723,0.633742375450633,0.185065603302792,0.380773766128918,0.380333518143743,0.555157342417061,0.377413292042911,0.522136532028943
0.240660063363612,0.0203424944572984,0.350972803495824,0.216662165206197,1.09140773152467,1.28072782845619,1.68034911598079,1.45878348526382,-0.34411290846765,-0.30780566766555,-0.698464603628963,-0.830101559604625,0.0869194766972214,0.313319134331176,0.129976997850463,0.406476401374254,0.126798832463101,0.590473336497502,0.208856293605641,0.390447943979844,0.235985230468214,0.371361692825574,0.119979977235198,0.386577849453635
0.173174668475986,0.0140440448648069,0.21819309303537,0.0245630448022669,0.897029475076124,0.609687842743388,1.08731094747782,0.824619388826673,0.879346012603492,1.30832837938058,0.522491429001093,0.562188302181254,0.0604808652307838,0.271179711048549,0.109400182985701,0.325340075934215,0.285651155747473,0.643259246834169,0.126825454365462,0.357335738582581,0.212948297243565,0.457501079789496,0.383552586566657,0.573206779784575
0.417830280028284,0.218178917586526,0.294502216391265,0.205491271162432,0.939408735139295,0.546581064249887,0.783124579815194,0.228389854059655,-0.290185973513871,-0.315181491407996,0.777171338908374,0.963225239942227,0.0539636873407289,0.462880194414464,0.113611511839554,0.514661089938177,0.125299711665139,0.695335806252387,0.278410280263051,0.415623494682758,0.267043510451913,0.464441933973028,0.485251495335251,0.532547267811419
0.403078441042453,0.489245654184404,0.439621974341571,0.437591911666996,1.09149851242546,0.371469588844203,1.63116370514035,1.28552384981614,-0.629856254439801,-0.488231073369531,0.870886950287968,0.813410687771433,0.0856309223920107,0.467771350106275,0.117136586457491,0.403943000261669,0.239665020024404,0.588832227937752,0.234375729504973,0.379381807479665,0.29831382567063,0.46350647305721,0.396122312173247,0.441015613172762
0.32263089697808,0.0761865686554803,0.423861029278487,0.578015103897688,1.15246849914547,0.194305144028331,0.810593598522246,0.721742810412101,0.220211970154196,0.313956552115592,-0.666980510111898,-0.641695806637318,0.122431659465656,0.455718361991825,0.0542918326565996,0.533677443521028,0.251546139130369,0.650490416214579,0.106855038413778,0.346168647826134,0.383150097168982,0.482503961546603,0.459160331171006,0.517965504966616
0.48954261559993,0.767712788463813,0.22581007424742,0.0360321104185533,1.6222746137064,0.919342991846273,1.56074220931623,1.12652861295022,-0.401937338523567,-0.522937681068981,-0.520899780560285,-0.855808695190263,0.131495110783726,0.476353941034461,0.113559222803451,0.360630245924853,0.292609905824065,0.688348597510158,0.266352141834795,0.429017811569448,0.257816424127668,0.36314087012512,0.453913170006126,0.52776398062385
0.468037282861769,0.633197767737661,0.442388257477432,0.544056572508533,1.51699148444459,0.720119032860738,1.92345233738888,1.83899106543276,0.476444744039327,0.63072774804046,0.361609670799226,0.281921020516443,0.116402257978916,0.541091515760226,0.0653933239867911,0.440643649422152,0.161483372421935,0.732443628482511,0.210303404415026,0.381995545899092,0.244135926105082,0.356169372010637,0.215165525581688,0.55370981467572
0.283022690191865,0.0420916766108122,0.184132975153625,0.0176589252301144,1.87620722572319,1.27541429924875,1.63835430413019,1.44116087144206,0.976023159455508,1.36190733112678,0.814962207805365,0.766163192612732,0.144678454683162,0.349438827673869,0.0521056565223262,0.283614449659569,0.25873875906691,0.615876535179607,0.297918259911239,0.46018601896804,0.268843832425773,0.466477030412165,0.253280302323401,0.451653476505449
0.325316545460373,0.0864737909906526,0.276998207438737,0.549184655554235,0.722968699410558,1.14859015291845,1.00146694853902,0.676346553763769,-0.741769466083497,-0.582300565255771,0.523435385897756,0.779816555667297,0.0955034584272653,0.47629308047533,0.149268603115343,0.419042985992233,0.262705213529989,0.628975172614236,0.239734229119495,0.385548603741734,0.411623395979404,0.44181853169363,0.262267956696451,0.584237078511899
0.462438736669719,0.510535729806999,0.480375114642084,0.650954815608776,1.31706692127045,0.952225164969741,1.38453007675707,1.21228405587502,-0.822615360375494,-0.858964449737143,-0.971270313020796,-1.34819493583341,0.0674001534003764,0.410352904012619,0.109584919316694,0.369314349943645,0.134268212784082,0.560665349558921,0.178719319403172,0.337427254513594,0.309804700035602,0.374939769729855,0.259895772114396,0.584901846971154
0.100661042984575,0.0117440941030116,0.294877594895661,0.236739770714804,1.41585550748277,0.845577424597142,1.39665511541534,1.06310085704293,0.344104006886482,0.185669172661528,-0.262126800138503,-0.401003665228566,0.114013981772587,0.28291387304699,0.111235292535275,0.456741446148038,0.197215070808306,0.957038831582705,0.296722105331719,0.360867525418276,0.31091180620715,0.50029089157693,0.17495477180928,0.479942010619613
0.230612073466182,0.0259003060368468,0.470391592010856,0.644059298904428,0.524904382997192,0.202742100041236,0.730001616990194,0.676685050007763,-0.786206268239766,-0.64180338237291,-0.142250135075301,-0.457558434559679,0.103917784104124,0.359066819802566,0.136471611773595,0.499662728459269,0.291323782224208,0.703567784227308,0.232033108128235,0.367510085995234,0.420549632608891,0.638231205920328,0.41745474319905,0.486698578671706
0.372549207601696,0.358419765091894,0.174907360039651,0.0248672920908176,0.839386519626714,0.218093780133554,1.07317537767813,0.770816624805418,0.481547703966498,0.81019325380567,0.164809536654502,-0.0949105795348873,0.0704657700844109,0.602170620890573,0.0575806665467098,0.309931017250462,0.110787921445444,0.601499337878856,0.274403367843479,0.41248440396544,0.486572987772524,0.473742586602963,0.400498926639557,0.631241295839912
0.13947887448594,0.0100068851891028,0.28172192722559,0.0867143369678714,0.85985679901205,0.251557631392206,0.563899375265464,0.366717655430423,0.450371681712568,0.719027357766909,0.629158025141805,0.912424327209379,0.119677143287845,0.28062906632563,0.117073432938196,0.419452199751694,0.116628569271415,0.647884618530926,0.110134400613606,0.347819631868923,0.169136754050851,0.490109647312379,0.423253648448735,0.516370420475224
0.358921147882938,0.335417784504816,0.207950717024505,0.0883083939678843,1.32891720673069,1.24121410032742,1.77922337467317,1.32336321443277,-0.598139779642224,-0.738166038816227,-0.593312266748399,-0.771258259561105,0.0563969700830057,0.444597181237105,0.128364254022017,0.358470903200015,0.200766469584778,0.66546769028508,0.112418983131647,0.38506145005994,0.462145887408406,0.54067571690025,0.35054288841784,0.479456690737445
0.346419809944928,0.161485320732513,0.156369879934937,0.0137493070634574,1.95143767190166,0.557454613857971,1.23503061453812,0.924484948719314,0.161009863484651,0.416772525027213,-0.065731140319258,-0.0291875788080255,0.0947724083438516,0.485746639568372,0.149061018624343,0.299734801756793,0.281919684074819,0.639638122275332,0.256206820206717,0.448350492341134,0.485312934685499,0.496209255605584,0.321012684050947,0.575690151730638
0.247283422201872,0.0257442556410929,0.494200303498656,0.831911384852468,0.526008090353571,0.172712789913853,1.94366969598923,1.72439985033487,-0.467625017743558,-0.44483861823344,0.517851681448519,0.593404694783306,0.0616943841567263,0.315842524347545,0.145161217520945,0.416900278186018,0.144299056800082,0.546734324149448,0.285375125193968,0.393013214877119,0.342409832309932,0.51855301381246,0.136867381352931,0.359394346124147
0.468713584449142,0.514959725714564,0.181808786932379,0.0229391905405228,1.09227409446612,0.385879328180193,1.78772770985961,1.4137098115575,0.530312983319163,0.729648974523723,0.264774647541344,0.400410696362477,0.0733247079653665,0.427200588236701,0.053197162784636,0.297959294248964,0.284550626249984,0.655896131559273,0.199609515303746,0.355614557888949,0.138503305893391,0.347473096961347,0.260017785988748,0.554747100682249
0.136046321317554,0.00850373557131636,0.207889233902097,0.0566496915353415,0.706892387592234,0.770875045504605,1.74751375208143,1.20617243323442,-0.585195751395077,-0.443521513461753,0.709450853057206,0.83273407541482,0.075313769839704,0.274247275908572,0.0711136136669666,0.337673074611623,0.173132616467774,0.658411290599646,0.295747088594362,0.40768219651139,0.312291127908975,0.409555433859542,0.462912682630122,0.57256099169426
0.350744720268995,0.230967741904995,0.111815997492522,0.00914878234833946,1.65579196519684,1.34090017791354,1.09213620063383,0.880255037690334,0.499997953418642,0.66357716209871,-0.732417803723365,-1.06611370323523,0.0859606720507145,0.456014006587384,0.129334778268822,0.271986459717789,0.214536244142801,0.60862345323556,0.194063940504566,0.414555243492162,0.390072139911354,0.490656481491752,0.112370958644897,0.481158111814636
0.345897958800197,0.228745226163552,0.451354283001274,0.557473256940708,0.853224195190705,0.85477591846354,1.41719427588396,1.26185511036168,0.798616983462125,0.855111878067539,-0.878462398890406,-0.928764303831352,0.112326933629811,0.357889545118453,0.0526645258069038,0.400561662207536,0.108632677095011,0.426517668687043,0.172022421984002,0.30539160167812,0.162763965968043,0.351293314740625,0.276383848767728,0.473046464396186
0.406793123297393,0.458136349194682,0.423863946832716,0.762935276789271,1.71297489909921,0.42787980948467,1.40647789149079,1.05532493356198,-0.714759503025562,-0.82910446046933,-0.817858932539821,-0.871695245661484,0.141142290364951,0.57893109428471,0.0754909094655886,0.391625176529209,0.179937732219696,0.635886676343744,0.102312757074833,0.313521951311917,0.223662783205509,0.447874576027595,0.325104375556111,0.447228352215135
0.48939360557124,0.446112810384334,0.407883897796273,0.551472637927777,1.93483289086726,0.985056837460391,1.12934462935664,1.03410638756431,-0.310410376638174,-0.328508244189837,0.725508600007743,0.790973011899032,0.147823514649644,0.554750241399717,0.0561437659198418,0.486188713064752,0.246379651501775,0.76015925844564,0.265751263173297,0.343639460840051,0.492274989839643,0.597471508494649,0.111430334299803,0.478782001421143
0.426063457597047,0.511133932019888,0.103919437155128,0.0147040933743262,1.51406999130268,1.15055424144605,1.63757613592315,1.2981877954023,-0.396380366757512,-0.241189253791058,-0.671172853559256,-1.08390320676624,0.0808459780178964,0.592257476090617,0.109203737648204,0.304249466682263,0.183781245863065,0.719695286589271,0.294972139596939,0.375047379048435,0.361699528619647,0.514168977142718,0.229343163687736,0.43597513845575
0.396544127166271,0.396789243806692,0.372711284924299,0.460165558849449,1.50773651280906,1.42444552274234,1.98619809141383,1.4055033334465,-0.328439022880048,-0.314113857481535,0.914377267472446,1.16591670941457,0.059237467404455,0.410039079034944,0.0840842206729576,0.400315467027013,0.223845284897834,0.512190660218118,0.243008724693209,0.35498504423649,0.341664355900139,0.443710088864272,0.341150481253862,0.428715945642128
0.469241175148636,0.503458107372088,0.413760548830032,0.510367662528526,1.79483443323988,0.835121415851077,1.72892776329536,1.5182264535409,0.666660151444376,0.560182152388203,0.479956005234271,0.398640249527192,0.115201869001612,0.458680847176797,0.113383025629446,0.376820761574869,0.186347808735445,0.63364061760476,0.137626837240532,0.354592175515064,0.30592941371724,0.362681951200299,0.142654970288277,0.425114566551589
0.264366921875626,0.207509583348637,0.113323712628335,0.0100424640294383,0.952431538840756,1.30044910789422,1.39250463095959,0.8682065517724,0.321809367742389,0.396762181234323,0.39626163430512,1.06048902004247,0.0771572767058387,0.562087841743774,0.0878889560932294,0.275690627482777,0.130254275677726,0.622998165579336,0.165241264086217,0.38259033257994,0.294302804209292,0.436429255269113,0.41975407442078,0.684620654542546
0.145379095803946,0.0199722530226972,0.119541516993195,0.0204204646968092,1.35498272115365,0.718689680304707,1.00836126052309,0.259245579117374,0.00523059628903866,0.188438086439245,0.736687039025128,1.25900076334938,0.0782311046496034,0.324063686302939,0.10672028332483,0.335716704742861,0.228145758155733,0.621344340887264,0.173100035870448,0.468311238492739,0.442616142146289,0.765577496841409,0.460986461769789,0.597364649188697
0.192586933448911,0.018835412248136,0.320699850469828,0.0453840273061127,1.83102792175487,1.20612214256169,1.04934408818372,0.89953954577979,0.398991335183382,0.520580614591204,-0.744068095460534,-1.21301014513987,0.132759816991165,0.304095601934547,0.121081906277686,0.342537508367076,0.108896289486438,0.603228223258357,0.109261379623786,0.330005053857935,0.173178429808468,0.397309863553723,0.389387504756451,0.461157945954497
0.136712504830211,0.00942805705923076,0.313193050585687,0.135480260763093,1.61769621528219,0.223586890974283,1.79835519124754,1.6995539216963,-0.696471053175628,-0.656737026817259,-0.486178277526051,-0.517435692139505,0.0543215143261477,0.248341326801598,0.0884477679850534,0.345881000225751,0.123437385959551,0.752361034938833,0.133719216892496,0.396280965279311,0.195152062177658,0.376661545101314,0.282337262947112,0.405921917449456
0.218081197701395,0.0258536948826381,0.361991388816386,0.467297169159321,1.71507588634267,0.438452788625751,0.956583506893367,0.763679064149456,-0.967207118868828,-1.12081767791784,-0.108807592187077,-0.301002457966649,0.107877495139837,0.33894806819419,0.109768965397961,0.511213809319985,0.217942275386304,0.604703427893679,0.136393293039873,0.344216992394087,0.150793832633644,0.439857530366667,0.262365443259478,0.453455050911843
0.418987532518804,0.28381997599796,0.438436328526586,0.580272502600994,1.49887422041502,0.314605333175047,1.29688237817027,1.16953011891276,0.439082349650562,0.442031731575819,0.287854611873627,0.207655212398477,0.108921561622992,0.377820086522547,0.126756660500541,0.485955712944403,0.268392118671909,0.591350012970944,0.296294884476811,0.3613253554902,0.433009774982929,0.420712863731437,0.459002738445997,0.535970726660152
0.183431704156101,0.0737264832111657,0.150145200174302,0.0505507522194879,1.47672525711823,0.181605843600495,0.633944331551902,0.0337693965058802,0.16721005178988,0.461805875849671,-0.0493556959554553,0.215031130584077,0.141636385885067,0.526329067997294,0.0861902611562982,0.368496568881948,0.142426900146529,0.617143555890316,0.292200743081048,0.370340806857174,0.368874291051179,0.587167958122389,0.102595564723015,0.604725050923169
0.144909699074924,0.0181311403547643,0.274986513424665,0.115389281745603,1.72387253202032,1.56929112783762,1.0666989730671,0.8792336645053,-0.476982713676989,-0.466709550621992,-0.606845494825393,-0.697538914293379,0.0941674052504823,0.296538804505053,0.132757928362116,0.37867142469098,0.276606141356751,0.691963634227428,0.241900651529431,0.362699866455074,0.439579623006284,0.498686897686646,0.355541391018778,0.44785910716911
0.267213838081807,0.027637875205707,0.360166450310498,0.303392141204389,0.545591160305776,0.698535313847686,1.15532705641817,1.12219899599637,0.345235802233219,0.2397144870982,-0.26747156586498,-0.364819915195803,0.0932419938035309,0.355961865665261,0.120180530613288,0.432925121383317,0.22572787986137,0.625511424673697,0.159356073755771,0.347536959512374,0.475716623011976,0.512239379016,0.173983561247587,0.460878775433593
0.437323255930096,0.31330240253814,0.288969435077161,0.0444178741437169,0.509310180088505,1.04173055188286,1.94029090332333,1.77089861893931,0.432053742464632,0.707907531975849,-0.692311314400285,-0.962258695254104,0.113284843508154,0.377348814649574,0.0840889802668244,0.329902095447857,0.196996293403208,0.819862796527077,0.124999785609543,0.383839830506735,0.494295880198479,0.439966780223683,0.361560246814042,0.514394719965414
0.326721643283963,0.276071032262968,0.250784659571946,0.219797531288736,0.582738286233507,0.429736406711343,1.77719696855638,1.29681750933668,-0.228777880780399,-0.079563698213267,0.624886441044509,0.81692785431343,0.0831768919480965,0.457516807893327,0.106636228389107,0.503245476780748,0.239362783962861,0.61368899817387,0.296237861458212,0.421436093841063,0.251119982358068,0.509368837333218,0.360452985577285,0.606960186200132
0.432994622457773,0.588504607155083,0.1347621710971,0.0155783580156726,1.52291884471197,0.872659362890565,1.54477462684736,0.965690307745618,-0.318787910975516,-0.310523064566578,-0.247186314780265,-0.345337251200382,0.139776514330879,0.55637865906503,0.0575453376863152,0.31404710219067,0.23642179411836,0.734592404172161,0.240342822903767,0.401566154297921,0.311073141824454,0.584848435655519,0.334662619419396,0.42613468998355
0.202362796477973,0.017567948960338,0.16045620655641,0.00943968513322067,1.70894881361164,1.16076020671332,1.47150089370552,1.32102827061588,0.476443145424128,0.664367220094502,-0.561564443167299,-0.758538530161376,0.0736258791293949,0.288541240127756,0.0647195077268407,0.248844877751693,0.221382905030623,0.764689707777838,0.229648814955726,0.361753772992762,0.286785873398185,0.385599093512423,0.353146149031818,0.44265576033916
0.401476026605815,0.397239708884523,0.167598913051188,0.0229442389142377,0.54198479722254,0.590913207450793,1.33300709177274,1.10481207108456,0.317035162821412,0.557178099566182,0.812969274818897,1.05201175668272,0.139583811582997,0.58281742372974,0.05900956208352,0.287927375088712,0.122342421999201,0.640024326317919,0.29868823508732,0.378512554491293,0.174743216391653,0.401748345163237,0.313927721604705,0.495999475548154
0.384041972737759,0.334764993705912,0.488297268748283,0.799068375370954,1.34200864215381,0.747843761565821,1.38614968571346,1.21453935318683,0.450654064305127,0.481989405682253,-0.423575280699879,-0.523816998058667,0.105324828624725,0.41452412946241,0.0583443806739524,0.37156058639173,0.262472550896928,0.757220111762785,0.169395038904622,0.33465146283232,0.340817620977759,0.546107873660099,0.331923463661224,0.537598800431061
0.497646154090762,0.469339815527367,0.348694740980864,0.939761505844845,0.505116675863974,0.215496875108101,0.845110190566629,0.461421800586796,-0.273242025636137,-0.267401707265011,-0.0613544988445938,-0.143584126522412,0.0825808639405295,0.519174325911463,0.135986647917889,0.400906225515759,0.296642151288688,0.599605714449805,0.104822221025825,0.330569157638975,0.301693000551313,0.432183255322127,0.499650933407247,0.656153794089175
0.437762478739023,0.568396020186671,0.145005047600716,0.013220097005238,1.53728854446672,1.5844609653253,1.29158641619142,1.12670425221076,-0.319162946660072,-0.439974734887199,-0.866244722157717,-0.928747925445984,0.0659109654137865,0.487922283579354,0.12218704468105,0.314235690835627,0.153141588764265,0.583901047371105,0.103813930368051,0.400890412716873,0.39696536641568,0.508951118407421,0.206094340421259,0.550136844562866
0.28070890083909,0.0463034134651737,0.380540521163493,0.392736905851104,1.49265256384388,0.43269573318571,1.80182694236282,1.42597508396161,0.43437961069867,0.57191487772019,0.219020462129265,0.379530548333375,0.128157497220673,0.372820608114493,0.0768605061806738,0.465125603027596,0.140684001147747,0.82893190114419,0.193112019822001,0.342644391069112,0.161972450558096,0.349406264833911,0.206570176128298,0.41141887461459
0.49553250959143,0.642959670730786,0.270822344068438,0.384150037020654,1.81704833602998,0.486073842980265,1.66758068976924,1.08761580672528,0.0264540468342602,0.0940839737373925,0.0147944688796997,0.0231740249378048,0.0619048868305981,0.492241308258127,0.105108618852682,0.443369764380151,0.276780708413571,0.693706215349673,0.197100189747289,0.333895152258381,0.22520547490567,0.326693527215945,0.31933172037825,0.543064716783162
0.410188544820994,0.114877686872875,0.231271792389452,0.0235739006052439,0.938749468419701,1.09770100796712,1.95662523072679,1.81096569776909,0.25091386353597,0.22472622689813,-0.845330595970154,-1.0403202813695,0.102998456964269,0.404722700336246,0.116655690455809,0.316200680664643,0.287446970539168,0.564610096688365,0.227627016650513,0.423180960102781,0.387552991695702,0.440532570841831,0.469870505016297,0.442288261919279
0.491050526406616,0.577847079818955,0.401255002431572,0.498890596451672,0.561212753877044,0.623485768947291,1.87314254138619,1.72943852555259,0.0621798383072019,-0.000755216567422882,0.480184555053711,0.743321456632918,0.13324051622767,0.504387673544077,0.0781159952748567,0.376371352529834,0.229143213341013,0.68359150891487,0.269369118567556,0.430672876517742,0.498063626885414,0.526615108526817,0.489039536751807,0.693834365318232
0.455113674607128,0.452762652871537,0.452706061676145,0.460945098996199,0.798908463446423,0.720498333335644,1.55763577960897,1.47264177831916,-0.377526316791773,-0.569034057077244,-0.960272530093789,-1.17613128610202,0.0711551656480879,0.39021426881714,0.100539919501171,0.429205483379018,0.25693758809939,0.697983047831541,0.226588889583945,0.375951574297582,0.309017277881503,0.387285741698137,0.101522591337562,0.409214023542347
0.206231009680778,0.0196977549463239,0.49606509488076,0.834146042317205,1.9007281656377,0.706738339889038,1.83599432022311,1.62626510308507,0.67372327670455,0.750250849360132,0.47547262115404,0.417157430547925,0.108135350118391,0.339605143776325,0.053054600325413,0.362867853258781,0.180473493551835,0.63213274305315,0.190792253008112,0.354097957518382,0.490069744363427,0.646332615068195,0.341752381436527,0.569249930360759
0.307329663541168,0.0479050607946561,0.16413626903668,0.0291459185609353,1.40465866716113,2.58657987675498,1.00436188606545,0.546142027029669,0.10535864206031,0.106347785131881,-0.948709783144295,-1.76063117244654,0.0535727803595364,0.372781237518886,0.0605764078674838,0.325066075727487,0.25079191736877,0.579907855073185,0.100264116143808,0.43998223848772,0.492191767506301,0.76405904166588,0.125292669609189,0.49813241802626
0.292585272993892,0.146136516935983,0.187731549330056,0.0643577926491537,0.500456899986602,0.152267708507298,0.768044967437163,0.032795997013075,-0.25726806325838,0.043395914084011,0.751053722109646,1.13879636944098,0.0648132860194892,0.576500395133326,0.0875517771113664,0.529369486511794,0.105121083324775,0.587650000018019,0.174291783059016,0.374955253249001,0.287566809821874,0.48202466822787,0.202672917861491,0.535490880135753
0.136073925718665,0.0106795322863021,0.147723475378007,0.0422220936995027,0.549979056580923,0.216589962082211,0.87239797541406,0.341664968948508,-0.243211250752211,-0.0340423553211635,0.0753548927605152,0.0520929643938154,0.113548470847309,0.292637733142202,0.089067738992162,0.38312560293042,0.291615355759859,0.675047183399599,0.106625021109357,0.403487127065628,0.238940932881087,0.532331791614619,0.120286608766764,0.55348699704137
0.358549538441002,0.159142552962967,0.469710289128125,0.803701892864892,1.61796807672363,0.694002889982166,1.76643321313895,1.47176215518129,-0.0195288928225636,0.0166334624671723,0.55695898225531,0.227495468717346,0.145662201102823,0.490127277660619,0.13232731455937,0.48438773235522,0.210778918769211,0.652822191114334,0.17000515172258,0.375719378807553,0.458195998519659,0.502476962167982,0.249106260575354,0.400593121918911
0.134435409680009,0.0164284851025824,0.348162042628974,0.389683837120022,1.97261919872835,0.703374055980226,0.924204641021788,0.810095756378793,-0.151804170571268,-0.14889731504308,0.673584286589175,0.309918862541311,0.10677941001486,0.302386668292066,0.0788011274300516,0.599872352970779,0.153696115966886,0.658425303767319,0.247670854488388,0.368268678386831,0.396374022960663,0.420037663692115,0.132582117337734,0.497612425394659
0.151472248416394,0.0130014116296313,0.294075883086771,0.109402058975994,1.43510572228115,1.49227990571319,0.926842612447217,0.847094300432779,-0.906371651217341,-0.804019634023077,0.804123724345118,1.03838605244069,0.0648016412742436,0.296212578494156,0.133709414862096,0.402133135832915,0.201930363290012,0.65782429319627,0.2051234241575,0.380674070440648,0.394647476170212,0.501139075366982,0.143890428263694,0.537336770321298
0.108503136504442,0.0320327040848084,0.156429643835872,0.043865105254702,1.12878481985535,1.64465516712894,1.14261817873921,0.596743201276801,-0.655118284747005,-0.594684437855526,-0.85382136888802,-1.71442366307441,0.138974431157112,0.392266581982043,0.0676081265555695,0.371012570397638,0.128906116308644,0.571499857750652,0.114817311242223,0.382266121072269,0.171393236517906,0.445929872544703,0.358159657754004,0.563642046472838
0.234591623023152,0.0415200004724663,0.246939272154123,0.0487644406759015,1.88061377976555,1.63184054808498,1.1535653679166,0.918926373874385,0.681480204220861,0.889524568603559,-0.865811670664698,-0.972855406217766,0.0603889371035621,0.353766442622828,0.076101210899651,0.449371608440728,0.180531242676079,0.615643643022406,0.156351026054472,0.334629364767226,0.316791315376759,0.47062641263357,0.309607969876379,0.532494184830815
0.37083002012223,0.279634528158316,0.20872979927808,0.0360138065668445,1.12232773832511,0.947839225598374,1.91235462599434,1.28537395425812,-0.0581102785654366,-0.0303729597134115,0.497585366014391,0.931471888682714,0.0603195112897083,0.434260141078863,0.112606070120819,0.37479967334873,0.124177006259561,0.578711730665483,0.158361136401072,0.374711838446689,0.488973739277571,0.495987752581097,0.101862793508917,0.408711875003684
0.419586945138872,0.305648994864983,0.261915985215455,0.262884474804079,0.958226525806822,0.180145701794158,1.16597518452909,0.679440534817466,0.0661722421646118,0.392759794252893,-0.416572922840714,-1.03223252794859,0.133773498586379,0.567878544673387,0.0753252267837524,0.39107999540641,0.296119429310784,0.60067236504408,0.233723749313504,0.351684698742186,0.224897919595242,0.469593776897787,0.35541069637984,0.515550621819882
0.427450959570706,0.337750101763133,0.166202696785331,0.0177525547384672,1.96009743970353,0.188377852070724,1.82792671222705,1.44038036897725,-0.329540118575096,-0.41726794248136,0.305022843182087,0.368331269793025,0.131524207885377,0.510002824918653,0.0869126418139786,0.317769519198207,0.2201931362506,0.599416887360974,0.103568502282724,0.401324426709685,0.448890538979322,0.435528142638335,0.205951649975032,0.376133910196083
0.268851932138205,0.0257654135156851,0.382483078446239,0.379117631438697,1.95650474121794,2.08402718705055,1.82130849559326,1.53588457104281,-0.845188515726477,-0.836478759290706,-0.770882346667349,-1.03144381474078,0.0521687944885343,0.32060406546264,0.10360290966928,0.343231074818584,0.274085833318531,0.646745974986305,0.114524762611836,0.402531413845103,0.31661339700222,0.444984315923074,0.491596071142703,0.689009500402469
0.324592809565365,0.0665549514202618,0.353787150140852,0.297835244357142,0.547538109472953,0.12347402582163,1.37297562602907,1.2189284012322,0.547142541501671,0.710665132847079,0.316090708598495,0.346458293694211,0.072007561265491,0.367180285061261,0.0677483132574707,0.353901518353935,0.292320870468393,0.536324828339252,0.11166338766925,0.328886502285925,0.293846415448934,0.412075108627825,0.136460146773607,0.526482072468024
0.30802762536332,0.0393094930252242,0.434325140528381,0.585811971919455,0.761302585480735,0.239758932549427,0.692401544190943,0.627390783913702,-0.493992093484849,-0.228590390991582,-0.609656991437078,-0.895283060537838,0.112075431551784,0.365273682337789,0.0700016149552539,0.503116929887213,0.220009016944095,0.682632948113497,0.199263498047367,0.341038481119973,0.345595400501043,0.442860451118846,0.195661089010537,0.533181513900944
0.162175921909511,0.022395776210613,0.424279423709959,0.510367929039502,1.49585169355851,1.33978833136589,1.9121918878518,1.73618191273112,0.939298385754228,0.706583767867428,-0.881964724976569,-0.831041035694426,0.059024440869689,0.288158116201045,0.0625284754671156,0.425647664273976,0.197071369132027,0.627114223141994,0.142110073426738,0.389889497613312,0.310492465365678,0.385626763649912,0.414197527989745,0.407730947082851
0.241921399068087,0.0180088431384969,0.482612200826406,0.784093409686257,1.0582793164067,0.532440035830001,0.849877255503088,0.71370448006989,-0.263380482792854,-0.132599369685328,-0.913625643588603,-1.41889665522031,0.124535149685107,0.351314924793065,0.0724716947879642,0.4238191574663,0.161876004422083,0.809568564853156,0.140778058720753,0.33160115680491,0.42205900484696,0.577694079382528,0.266814132127911,0.487135622926062
0.363243737258017,0.146209405058139,0.247782228328288,0.0597761552545903,1.66340637800749,0.207554336230749,0.588743777712807,0.343381716616335,0.835210965480655,0.712648628314447,0.258289879653603,0.335087651473389,0.128907694108784,0.585395302246207,0.10262420354411,0.405896554928171,0.128251227131113,0.645017072756068,0.291887714806944,0.393610707174735,0.235452291369438,0.461334351108954,0.20732750389725,0.484837965019169
0.12454854445532,0.0121890062788419,0.489139575976878,0.702620358288401,0.6649281445425,0.317059167239873,1.55624290427659,1.40994939225953,0.467567852232605,0.327392706339902,-0.345080052968115,-0.66627643139542,0.111734275985509,0.270547249483094,0.0554609773680568,0.41441431847351,0.121510519459844,0.646970007028884,0.109246964100748,0.373574613410257,0.452516508288682,0.462870579186917,0.323890714161098,0.405353464836781
0.32845302913338,0.0491285654683211,0.356908398494124,0.496431049700833,1.45079441473354,0.45758955309135,1.28549758309964,1.07797510638105,0.253570913337171,0.0930654428140965,-0.64959561266005,-0.595767210442824,0.096454799734056,0.396538259039849,0.136954498221166,0.624043377857871,0.177953770244494,0.597317536609726,0.254601498320699,0.394073012048192,0.22825327264145,0.40774094996281,0.139486292842776,0.43457924847592
0.385543305613101,0.387805364597731,0.458674016594887,0.906093490219624,1.39070301037282,0.14861670870436,0.884819967439398,0.591763146954549,-0.891749334987253,-0.888635018820712,-0.797358088660985,-0.891134537225412,0.136266112793237,0.585392938415044,0.0888561290921643,0.52505026582407,0.262402108451352,0.557013379657795,0.268480102904141,0.327975391804254,0.456609014701098,0.51951823427378,0.274634905159473,0.486733627958529
0.358739354554564,0.312997153498993,0.14351247753948,0.0125419885814222,1.3978248166386,0.799530650395646,1.45007841160987,1.12362583842619,-0.608790854457766,-0.689330243034874,-0.470346671994776,-0.539683833338317,0.0508425858104602,0.475906116104741,0.130000695586205,0.308940633809604,0.254928626911715,0.632617299875404,0.144214509008452,0.379846656459519,0.171928124781698,0.394164813318989,0.443144725169986,0.49196225214755
0.306272872816771,0.0883123916583402,0.188833290338516,0.0296263930326619,1.54986748832744,0.823982285775311,1.76654079731088,1.15037694439271,-0.885583059396595,-0.986008328948735,-0.0572170615196228,-0.245452026493797,0.0775911788688973,0.417374020099953,0.0850717427674681,0.347076439657226,0.214400357799605,0.81043115656854,0.219010487012565,0.423199633964885,0.332502429559827,0.395920491893583,0.386866717878729,0.574591964918397
0.263301379792392,0.0272626948838765,0.187364827189595,0.0321018922023102,0.590995445032604,0.144671028196772,1.56288490945008,0.983094222423663,-0.462641761638224,-0.384029734024537,0.00970670068636537,-0.0541339152776407,0.102037110179663,0.359522909636446,0.0630196227459237,0.327237584929421,0.251479433383793,0.561029606023912,0.255717705842108,0.394211337787786,0.104697545059025,0.381888458102541,0.355259521119297,0.658748212175794
0.331123021896929,0.0473544348163794,0.316233751364052,0.34030441453726,1.0544224845944,0.968847168062924,1.55493652774021,1.19275043368534,0.596092795487493,0.773510766678658,0.759540483355522,1.17671159277532,0.0776552371447906,0.360814712348831,0.060859981388785,0.364355638801516,0.118870461825281,0.579863240316847,0.232824276853353,0.314999685693535,0.16487039104104,0.379814950456166,0.339259128738195,0.550624961065865
0.454970355890691,0.657596767688055,0.355755991581827,0.503787762849025,1.49269633344375,0.494666770720973,0.92482025269419,0.728167991699867,0.206949120387435,0.341819581925551,0.542787103913724,0.559322380059683,0.109240674693137,0.57986951547347,0.0982248034095392,0.458517816575033,0.196153963450342,0.700343511207796,0.113486170303077,0.306899692048035,0.105418946966529,0.402633875195091,0.437939939554781,0.601309712202038
0.270137942954898,0.0359249264618243,0.366370054334402,0.424847614459726,0.825820330064744,1.0175185158899,0.922099857474677,0.782692912864363,0.886296432930976,0.825739299419659,0.0180231961421669,0.428655795729345,0.094636686751619,0.365891988258288,0.0748369203181937,0.482677647195934,0.227541362354532,0.65822031272784,0.249232183536515,0.34080471230171,0.456419639382511,0.47370506874151,0.352067489083856,0.492921381234075
0.206988638173789,0.0163542595405334,0.305830330308527,0.170114772675625,0.634960783994757,0.324488551362373,1.60199757455848,1.51342190104899,0.483236451167613,0.319337898821994,-0.375905863009393,-0.297679230266871,0.120578196248971,0.311274352295888,0.0925095205195248,0.36710421643775,0.23382783154957,0.668644332663905,0.228715082304552,0.352659807787279,0.254338339995593,0.3715406009499,0.439694293867797,0.517371902418265
0.101081193238497,0.0158162918900424,0.167366166133434,0.0351877549315222,1.24473739170935,0.251014703150596,0.591221724287607,0.0353317275788837,0.217586915008724,0.445213132351963,-0.347945064306259,-0.105577983848984,0.0720982121769339,0.298251688444619,0.133383231703192,0.398122150007842,0.16989385173656,0.603915299827602,0.199470304977149,0.406641436900764,0.447077833954245,0.606377975258646,0.135205540712923,0.541616162887659
0.17890433287248,0.0151658739027892,0.378731948137283,0.419761373073364,1.14351591933519,1.4967861808341,1.09771736804396,1.06381286934753,0.816102493554354,0.838861945423727,-0.534386800602078,-0.872857220133247,0.110789625230245,0.293099080992147,0.0509547638008371,0.547585638081032,0.115311448834836,0.575928541821445,0.214127745106816,0.34140185364804,0.11292854398489,0.407642544941416,0.203884450625628,0.438173170861585
0.371972458064556,0.199721431843329,0.473766936734319,0.549383341136083,1.14033974101767,0.515616423594386,1.69218093855307,1.52822750661409,-0.962949055247009,-0.97331697001438,-0.247138464823365,-0.692316511420116,0.0968364197062328,0.327981095910506,0.100023373449221,0.357056750108468,0.120432985713705,0.753119663991685,0.165247366996482,0.378661793426891,0.442435170337558,0.373245733259204,0.169897407200187,0.44687580196128
0.468678134679794,0.564473517610794,0.271709054522216,0.0846776863405426,1.73326115414966,0.52991182725644,0.553461225354113,0.0340206629689648,-0.981079319026321,-1.10543461489323,-0.650154504925013,-1.67701679700765,0.132982397661544,0.552121254380826,0.0809149290435016,0.490343612637973,0.190627323882654,0.664687928580339,0.189685632567853,0.365082317775269,0.319320588372648,0.539739860975418,0.127515885420144,0.517479190123475
0.184311574790627,0.00990700083096112,0.359813556261361,0.419074441663732,1.11174051102716,1.09901871007639,1.31246952805668,1.09539608439262,-0.131427416577935,-0.164305155598243,-0.947426616214216,-1.15720637421727,0.0754786751931533,0.262170976400753,0.111127015552483,0.497613759443608,0.294374672323465,0.493270414500795,0.269487349782139,0.339421374601654,0.23902399353683,0.410632240939132,0.411305706109852,0.587252194986191
0.450532615743578,0.440361655122011,0.139953092113137,0.0188024652747976,0.933888512896374,0.20770233709087,1.03042950644158,0.488510786464627,-0.861506121698767,-0.811828587799565,-0.248317044693977,-0.408540396306494,0.11835833361838,0.535313571019476,0.097391698951833,0.313218454873377,0.1586209716741,0.671976397912544,0.297006686916575,0.545915286753806,0.325713821966201,0.503130288918306,0.268081947229803,0.456211385632111
0.384433238580823,0.423379683695598,0.487387545499951,0.943720784797332,1.60453065484762,0.264030761521088,0.649167159572244,0.463112238998915,-0.035923148971051,-0.0578587532223797,0.127562149893492,0.214440676734873,0.068941485742107,0.605450481407828,0.0610737341921777,0.376735716327898,0.259895798750222,0.615239816074219,0.202095333626494,0.328051828615075,0.42680995920673,0.562543987533411,0.401758227031678,0.538468037558651
0.265483532100916,0.0663594495881379,0.117118826694787,0.0112111825499151,1.8250441205455,0.184888003696225,1.53284253436141,1.00265467309001,-0.841893353499472,-1.08489056107726,-0.276178733911365,-0.479672612174858,0.0808314501773566,0.454055553129555,0.0625426816055551,0.261243522101475,0.266453714948148,0.593277907468126,0.1944981304463,0.383005626962376,0.185953282564878,0.446618446866617,0.221693524997681,0.505244690402821
0.429764650482684,0.464098006995589,0.286546552460641,0.347171037372322,1.16908986063208,0.23060485849924,0.539140996290371,0.0363710881133795,0.298639005981386,0.218565146007481,0.652306728530675,1.28347928684079,0.069660463463515,0.566180315289324,0.102315158885904,0.586482473505969,0.179253377066925,0.589146115835473,0.148441641591489,0.363370170118292,0.112624292448163,0.563682861068561,0.17773504042998,0.503854823392265
0.246175669506192,0.028371882174643,0.254391324985772,0.0376350796172384,1.98205874441192,0.85343126076586,0.697117553558201,0.58884565356397,-0.127048063091934,0.249813528201852,-0.302014428656548,-0.352700400008063,0.0788597096456215,0.35999160245992,0.0535148976836354,0.366896467093718,0.279631117312238,0.592410168722733,0.271386201214045,0.472069710353722,0.252949106041342,0.500673910065344,0.48428803095594,0.463342854390177
0.362998518813402,0.123936138702149,0.116880188789219,0.00988300432845448,0.71930825104937,1.20273369438841,0.750170513172634,0.468139638429235,0.826669323258102,1.14926865244137,-0.240602228790522,-0.772056310173041,0.149163827020675,0.523481311302196,0.068889108276926,0.264997348097731,0.24700221484527,0.812936309504537,0.113798496220261,0.430065349013412,0.465679395012558,0.480990681779004,0.444021306186914,0.593271331317962
0.218188221007586,0.0143438147967083,0.31001217905432,0.219848815513274,1.76406989712268,0.547862563591393,1.37709548755083,1.16012594654802,-0.159499355591834,-0.135813096426777,-0.943261903245002,-1.01387155225053,0.0997929046628997,0.296335984099533,0.0759855848969892,0.401185110816038,0.29039852945134,0.663276595941681,0.108115166565403,0.339996787584568,0.470444707665592,0.661295105896884,0.469300309289247,0.414957793623509
0.344747857097536,0.176668090453807,0.397967652883381,0.56635486961716,1.47345875576138,0.922097322452266,1.89871648408007,1.6145647958467,-0.976628813426942,-0.973689124105226,-0.691931310109794,-0.850391750943875,0.127127378899604,0.36389502302221,0.147258476866409,0.413785529103962,0.267264807922766,0.654553172202516,0.259453905280679,0.366081814957744,0.453709592856467,0.62565712943818,0.270536706130952,0.458663464509372
0.319510396383703,0.121717341898744,0.243671720754355,0.0312056106889815,0.881621793960221,0.780744880124474,1.81873633642681,1.76641538823518,0.865258217323571,1.03812125913661,-0.132616399787366,-0.0296692748646873,0.11477093603462,0.350137963046226,0.10719235453289,0.358085482660113,0.122785779973492,0.762409241810078,0.280039440002292,0.402168887633634,0.14912353977561,0.368037787120615,0.381195103097707,0.387818025873362
0.147862355597317,0.0156288826199466,0.483374438621104,0.915825332051117,1.10926297097467,1.0420772618521,0.96491933579091,0.807764146033537,-0.557210842613131,-0.0859176352234147,-0.500225767958909,-0.631570258040806,0.086312552401796,0.298292848677971,0.0858534694649279,0.39044258005437,0.123145193746313,0.666135305302486,0.148297842638567,0.31162313283432,0.443917115405202,0.638046386816458,0.462525965645909,0.771457881698643
0.267083724029362,0.0303462707742105,0.348259069770575,0.281448861564074,1.40635597810615,0.524742766052063,1.63957866863348,1.56261751745483,0.596538295969367,0.642322826534487,-0.276529282797128,-0.299975484058431,0.0852488026954234,0.339291444504935,0.127670755703002,0.384050420064128,0.214971001679078,0.64812017303106,0.282029591407627,0.38348981485891,0.313376132212579,0.439283134875979,0.339410636387765,0.481394472144489
0.315995055623353,0.252434919871956,0.206215939950198,0.0321868522950191,1.18792657903396,0.7426562516434,1.16852262895554,0.929918749431009,0.585878283251077,0.898140313115164,0.693601574283093,0.513289867582773,0.0734682210255414,0.435433491990077,0.137050615111366,0.315606854618725,0.17087684283033,0.619136327821386,0.270294861216098,0.372096657812132,0.44325203159824,0.53269271398349,0.21559943202883,0.601738242904977
0.407803439628333,0.117733497793518,0.306621187180281,0.314801590370294,1.16453101648949,0.870716883893242,0.783466241904534,0.421759917224561,-0.941863105632365,-1.10003205641572,0.0480222101323307,-0.0538296461246868,0.0782944965874776,0.431598607954351,0.110204551718198,0.51842689155978,0.115804509958252,0.740022383185906,0.281793014798313,0.441378100093585,0.331026299763471,0.519270602203309,0.19061285443604,0.557242180527398
0.353545176237822,0.0350653689368311,0.453975921217352,0.629932245363838,1.78270867653191,0.862495357786938,0.753245240775868,0.808265495923855,0.660757462959737,0.597283787044264,0.359851659741253,0.308594151665246,0.123544321442023,0.345344579422659,0.126655785948969,0.621713092050855,0.170712679391727,0.80565550628766,0.219617157476023,0.359496048454008,0.192896220926195,0.409779500704863,0.477045943681151,0.4797134547343
0.305757726542652,0.257501089806277,0.285966035816819,0.113710766821679,1.19191171298735,0.431320312882978,1.21779640042223,0.681324302259508,-0.078992054797709,0.445317861631637,-0.137391017749906,-0.601119419949397,0.132504855352454,0.576726335552719,0.0751698518870398,0.488848492485096,0.113449072930962,0.759326134592652,0.195797313842922,0.380667263746812,0.281179642956704,0.423831840141036,0.411889883317053,0.516494711503875
0.106179600581527,0.0156906276523681,0.379127763770521,0.457966547932221,0.858754720888101,0.350365121694009,1.8681967878947,1.57265347599718,0.253799908794463,0.170637952675347,0.191938131581992,0.300967894747296,0.142246119072661,0.318306814607689,0.101017840951681,0.438759078080965,0.198401827784255,0.677210783502479,0.202646803902462,0.37819705397929,0.278928439132869,0.360721712279485,0.221072866674513,0.432326667488066
